,date,frequency,date_time,date_int
0,2014-01-02 10:00:00,2,2014-01-02 10:00:00,20140102100000
1,2014-01-02 11:00:00,11,2014-01-02 11:00:00,20140102110000
2,2014-01-02 12:00:00,14,2014-01-02 12:00:00,20140102120000
3,2014-01-02 13:00:00,14,2014-01-02 13:00:00,20140102130000
4,2014-01-02 14:00:00,15,2014-01-02 14:00:00,20140102140000
5,2014-01-02 15:00:00,15,2014-01-02 15:00:00,20140102150000
6,2014-01-02 16:00:00,13,2014-01-02 16:00:00,20140102160000
7,2014-01-02 17:00:00,8,2014-01-02 17:00:00,20140102170000
8,2014-01-02 18:00:00,0,2014-01-02 18:00:00,20140102180000
9,2014-01-02 19:00:00,0,2014-01-02 19:00:00,20140102190000
10,2014-01-02 20:00:00,0,2014-01-02 20:00:00,20140102200000
11,2014-01-02 21:00:00,0,2014-01-02 21:00:00,20140102210000
12,2014-01-02 22:00:00,0,2014-01-02 22:00:00,20140102220000
13,2014-01-02 23:00:00,0,2014-01-02 23:00:00,20140102230000
14,2014-01-03 00:00:00,0,2014-01-03 00:00:00,20140103000000
15,2014-01-03 01:00:00,0,2014-01-03 01:00:00,20140103010000
16,2014-01-03 02:00:00,0,2014-01-03 02:00:00,20140103020000
17,2014-01-03 03:00:00,0,2014-01-03 03:00:00,20140103030000
18,2014-01-03 04:00:00,0,2014-01-03 04:00:00,20140103040000
19,2014-01-03 05:00:00,0,2014-01-03 05:00:00,20140103050000
20,2014-01-03 06:00:00,0,2014-01-03 06:00:00,20140103060000
21,2014-01-03 07:00:00,0,2014-01-03 07:00:00,20140103070000
22,2014-01-03 08:00:00,2,2014-01-03 08:00:00,20140103080000
23,2014-01-03 09:00:00,4,2014-01-03 09:00:00,20140103090000
24,2014-01-03 10:00:00,7,2014-01-03 10:00:00,20140103100000
25,2014-01-03 11:00:00,10,2014-01-03 11:00:00,20140103110000
26,2014-01-03 12:00:00,10,2014-01-03 12:00:00,20140103120000
27,2014-01-03 13:00:00,11,2014-01-03 13:00:00,20140103130000
28,2014-01-03 14:00:00,34,2014-01-03 14:00:00,20140103140000
29,2014-01-03 15:00:00,34,2014-01-03 15:00:00,20140103150000
30,2014-01-03 16:00:00,36,2014-01-03 16:00:00,20140103160000
31,2014-01-03 17:00:00,6,2014-01-03 17:00:00,20140103170000
32,2014-01-03 18:00:00,3,2014-01-03 18:00:00,20140103180000
33,2014-01-03 19:00:00,0,2014-01-03 19:00:00,20140103190000
34,2014-01-03 20:00:00,0,2014-01-03 20:00:00,20140103200000
35,2014-01-03 21:00:00,0,2014-01-03 21:00:00,20140103210000
36,2014-01-03 22:00:00,0,2014-01-03 22:00:00,20140103220000
37,2014-01-03 23:00:00,0,2014-01-03 23:00:00,20140103230000
38,2014-01-04 00:00:00,0,2014-01-04 00:00:00,20140104000000
39,2014-01-04 01:00:00,0,2014-01-04 01:00:00,20140104010000
40,2014-01-04 02:00:00,0,2014-01-04 02:00:00,20140104020000
41,2014-01-04 03:00:00,0,2014-01-04 03:00:00,20140104030000
42,2014-01-04 04:00:00,0,2014-01-04 04:00:00,20140104040000
43,2014-01-04 05:00:00,0,2014-01-04 05:00:00,20140104050000
44,2014-01-04 06:00:00,0,2014-01-04 06:00:00,20140104060000
45,2014-01-04 07:00:00,0,2014-01-04 07:00:00,20140104070000
46,2014-01-04 08:00:00,0,2014-01-04 08:00:00,20140104080000
47,2014-01-04 09:00:00,0,2014-01-04 09:00:00,20140104090000
48,2014-01-04 10:00:00,6,2014-01-04 10:00:00,20140104100000
49,2014-01-04 11:00:00,4,2014-01-04 11:00:00,20140104110000
50,2014-01-04 12:00:00,10,2014-01-04 12:00:00,20140104120000
51,2014-01-04 13:00:00,14,2014-01-04 13:00:00,20140104130000
52,2014-01-04 14:00:00,13,2014-01-04 14:00:00,20140104140000
53,2014-01-04 15:00:00,9,2014-01-04 15:00:00,20140104150000
54,2014-01-04 16:00:00,21,2014-01-04 16:00:00,20140104160000
55,2014-01-04 17:00:00,2,2014-01-04 17:00:00,20140104170000
56,2014-01-04 18:00:00,2,2014-01-04 18:00:00,20140104180000
57,2014-01-04 19:00:00,0,2014-01-04 19:00:00,20140104190000
58,2014-01-04 20:00:00,0,2014-01-04 20:00:00,20140104200000
59,2014-01-04 21:00:00,0,2014-01-04 21:00:00,20140104210000
60,2014-01-04 22:00:00,0,2014-01-04 22:00:00,20140104220000
61,2014-01-04 23:00:00,0,2014-01-04 23:00:00,20140104230000
62,2014-01-05 00:00:00,0,2014-01-05 00:00:00,20140105000000
63,2014-01-05 01:00:00,0,2014-01-05 01:00:00,20140105010000
64,2014-01-05 02:00:00,0,2014-01-05 02:00:00,20140105020000
65,2014-01-05 03:00:00,0,2014-01-05 03:00:00,20140105030000
66,2014-01-05 04:00:00,0,2014-01-05 04:00:00,20140105040000
67,2014-01-05 05:00:00,0,2014-01-05 05:00:00,20140105050000
68,2014-01-05 06:00:00,0,2014-01-05 06:00:00,20140105060000
69,2014-01-05 07:00:00,0,2014-01-05 07:00:00,20140105070000
70,2014-01-05 08:00:00,0,2014-01-05 08:00:00,20140105080000
71,2014-01-05 09:00:00,0,2014-01-05 09:00:00,20140105090000
72,2014-01-05 10:00:00,0,2014-01-05 10:00:00,20140105100000
73,2014-01-05 11:00:00,10,2014-01-05 11:00:00,20140105110000
74,2014-01-05 12:00:00,7,2014-01-05 12:00:00,20140105120000
75,2014-01-05 13:00:00,2,2014-01-05 13:00:00,20140105130000
76,2014-01-05 14:00:00,0,2014-01-05 14:00:00,20140105140000
77,2014-01-05 15:00:00,6,2014-01-05 15:00:00,20140105150000
78,2014-01-05 16:00:00,4,2014-01-05 16:00:00,20140105160000
79,2014-01-05 17:00:00,0,2014-01-05 17:00:00,20140105170000
80,2014-01-05 18:00:00,0,2014-01-05 18:00:00,20140105180000
81,2014-01-05 19:00:00,0,2014-01-05 19:00:00,20140105190000
82,2014-01-05 20:00:00,0,2014-01-05 20:00:00,20140105200000
83,2014-01-05 21:00:00,0,2014-01-05 21:00:00,20140105210000
84,2014-01-05 22:00:00,0,2014-01-05 22:00:00,20140105220000
85,2014-01-05 23:00:00,0,2014-01-05 23:00:00,20140105230000
86,2014-01-06 00:00:00,0,2014-01-06 00:00:00,20140106000000
87,2014-01-06 01:00:00,0,2014-01-06 01:00:00,20140106010000
88,2014-01-06 02:00:00,0,2014-01-06 02:00:00,20140106020000
89,2014-01-06 03:00:00,0,2014-01-06 03:00:00,20140106030000
90,2014-01-06 04:00:00,0,2014-01-06 04:00:00,20140106040000
91,2014-01-06 05:00:00,0,2014-01-06 05:00:00,20140106050000
92,2014-01-06 06:00:00,0,2014-01-06 06:00:00,20140106060000
93,2014-01-06 07:00:00,0,2014-01-06 07:00:00,20140106070000
94,2014-01-06 08:00:00,0,2014-01-06 08:00:00,20140106080000
95,2014-01-06 09:00:00,0,2014-01-06 09:00:00,20140106090000
96,2014-01-06 10:00:00,4,2014-01-06 10:00:00,20140106100000
97,2014-01-06 11:00:00,2,2014-01-06 11:00:00,20140106110000
98,2014-01-06 12:00:00,4,2014-01-06 12:00:00,20140106120000
99,2014-01-06 13:00:00,4,2014-01-06 13:00:00,20140106130000
100,2014-01-06 14:00:00,4,2014-01-06 14:00:00,20140106140000
101,2014-01-06 15:00:00,10,2014-01-06 15:00:00,20140106150000
102,2014-01-06 16:00:00,2,2014-01-06 16:00:00,20140106160000
103,2014-01-06 17:00:00,0,2014-01-06 17:00:00,20140106170000
104,2014-01-06 18:00:00,0,2014-01-06 18:00:00,20140106180000
105,2014-01-06 19:00:00,0,2014-01-06 19:00:00,20140106190000
106,2014-01-06 20:00:00,0,2014-01-06 20:00:00,20140106200000
107,2014-01-06 21:00:00,0,2014-01-06 21:00:00,20140106210000
108,2014-01-06 22:00:00,0,2014-01-06 22:00:00,20140106220000
109,2014-01-06 23:00:00,0,2014-01-06 23:00:00,20140106230000
110,2014-01-07 00:00:00,0,2014-01-07 00:00:00,20140107000000
111,2014-01-07 01:00:00,0,2014-01-07 01:00:00,20140107010000
112,2014-01-07 02:00:00,0,2014-01-07 02:00:00,20140107020000
113,2014-01-07 03:00:00,0,2014-01-07 03:00:00,20140107030000
114,2014-01-07 04:00:00,0,2014-01-07 04:00:00,20140107040000
115,2014-01-07 05:00:00,0,2014-01-07 05:00:00,20140107050000
116,2014-01-07 06:00:00,0,2014-01-07 06:00:00,20140107060000
117,2014-01-07 07:00:00,0,2014-01-07 07:00:00,20140107070000
118,2014-01-07 08:00:00,0,2014-01-07 08:00:00,20140107080000
119,2014-01-07 09:00:00,0,2014-01-07 09:00:00,20140107090000
120,2014-01-07 10:00:00,0,2014-01-07 10:00:00,20140107100000
121,2014-01-07 11:00:00,0,2014-01-07 11:00:00,20140107110000
122,2014-01-07 12:00:00,2,2014-01-07 12:00:00,20140107120000
123,2014-01-07 13:00:00,0,2014-01-07 13:00:00,20140107130000
124,2014-01-07 14:00:00,6,2014-01-07 14:00:00,20140107140000
125,2014-01-07 15:00:00,4,2014-01-07 15:00:00,20140107150000
126,2014-01-07 16:00:00,6,2014-01-07 16:00:00,20140107160000
127,2014-01-07 17:00:00,0,2014-01-07 17:00:00,20140107170000
128,2014-01-07 18:00:00,4,2014-01-07 18:00:00,20140107180000
129,2014-01-07 19:00:00,0,2014-01-07 19:00:00,20140107190000
130,2014-01-07 20:00:00,0,2014-01-07 20:00:00,20140107200000
131,2014-01-07 21:00:00,0,2014-01-07 21:00:00,20140107210000
132,2014-01-07 22:00:00,0,2014-01-07 22:00:00,20140107220000
133,2014-01-07 23:00:00,0,2014-01-07 23:00:00,20140107230000
134,2014-01-08 00:00:00,0,2014-01-08 00:00:00,20140108000000
135,2014-01-08 01:00:00,0,2014-01-08 01:00:00,20140108010000
136,2014-01-08 02:00:00,0,2014-01-08 02:00:00,20140108020000
137,2014-01-08 03:00:00,0,2014-01-08 03:00:00,20140108030000
138,2014-01-08 04:00:00,0,2014-01-08 04:00:00,20140108040000
139,2014-01-08 05:00:00,0,2014-01-08 05:00:00,20140108050000
140,2014-01-08 06:00:00,0,2014-01-08 06:00:00,20140108060000
141,2014-01-08 07:00:00,0,2014-01-08 07:00:00,20140108070000
142,2014-01-08 08:00:00,0,2014-01-08 08:00:00,20140108080000
143,2014-01-08 09:00:00,0,2014-01-08 09:00:00,20140108090000
144,2014-01-08 10:00:00,3,2014-01-08 10:00:00,20140108100000
145,2014-01-08 11:00:00,1,2014-01-08 11:00:00,20140108110000
146,2014-01-08 12:00:00,2,2014-01-08 12:00:00,20140108120000
147,2014-01-08 13:00:00,8,2014-01-08 13:00:00,20140108130000
148,2014-01-08 14:00:00,3,2014-01-08 14:00:00,20140108140000
149,2014-01-08 15:00:00,2,2014-01-08 15:00:00,20140108150000
150,2014-01-08 16:00:00,0,2014-01-08 16:00:00,20140108160000
151,2014-01-08 17:00:00,2,2014-01-08 17:00:00,20140108170000
152,2014-01-08 18:00:00,0,2014-01-08 18:00:00,20140108180000
153,2014-01-08 19:00:00,0,2014-01-08 19:00:00,20140108190000
154,2014-01-08 20:00:00,0,2014-01-08 20:00:00,20140108200000
155,2014-01-08 21:00:00,0,2014-01-08 21:00:00,20140108210000
156,2014-01-08 22:00:00,0,2014-01-08 22:00:00,20140108220000
157,2014-01-08 23:00:00,0,2014-01-08 23:00:00,20140108230000
158,2014-01-09 00:00:00,0,2014-01-09 00:00:00,20140109000000
159,2014-01-09 01:00:00,0,2014-01-09 01:00:00,20140109010000
160,2014-01-09 02:00:00,0,2014-01-09 02:00:00,20140109020000
161,2014-01-09 03:00:00,0,2014-01-09 03:00:00,20140109030000
162,2014-01-09 04:00:00,0,2014-01-09 04:00:00,20140109040000
163,2014-01-09 05:00:00,0,2014-01-09 05:00:00,20140109050000
164,2014-01-09 06:00:00,0,2014-01-09 06:00:00,20140109060000
165,2014-01-09 07:00:00,0,2014-01-09 07:00:00,20140109070000
166,2014-01-09 08:00:00,0,2014-01-09 08:00:00,20140109080000
167,2014-01-09 09:00:00,1,2014-01-09 09:00:00,20140109090000
168,2014-01-09 10:00:00,0,2014-01-09 10:00:00,20140109100000
169,2014-01-09 11:00:00,6,2014-01-09 11:00:00,20140109110000
170,2014-01-09 12:00:00,0,2014-01-09 12:00:00,20140109120000
171,2014-01-09 13:00:00,5,2014-01-09 13:00:00,20140109130000
172,2014-01-09 14:00:00,2,2014-01-09 14:00:00,20140109140000
173,2014-01-09 15:00:00,4,2014-01-09 15:00:00,20140109150000
174,2014-01-09 16:00:00,6,2014-01-09 16:00:00,20140109160000
175,2014-01-09 17:00:00,2,2014-01-09 17:00:00,20140109170000
176,2014-01-09 18:00:00,0,2014-01-09 18:00:00,20140109180000
177,2014-01-09 19:00:00,0,2014-01-09 19:00:00,20140109190000
178,2014-01-09 20:00:00,0,2014-01-09 20:00:00,20140109200000
179,2014-01-09 21:00:00,0,2014-01-09 21:00:00,20140109210000
180,2014-01-09 22:00:00,0,2014-01-09 22:00:00,20140109220000
181,2014-01-09 23:00:00,0,2014-01-09 23:00:00,20140109230000
182,2014-01-10 00:00:00,0,2014-01-10 00:00:00,20140110000000
183,2014-01-10 01:00:00,0,2014-01-10 01:00:00,20140110010000
184,2014-01-10 02:00:00,0,2014-01-10 02:00:00,20140110020000
185,2014-01-10 03:00:00,0,2014-01-10 03:00:00,20140110030000
186,2014-01-10 04:00:00,0,2014-01-10 04:00:00,20140110040000
187,2014-01-10 05:00:00,0,2014-01-10 05:00:00,20140110050000
188,2014-01-10 06:00:00,0,2014-01-10 06:00:00,20140110060000
189,2014-01-10 07:00:00,0,2014-01-10 07:00:00,20140110070000
190,2014-01-10 08:00:00,0,2014-01-10 08:00:00,20140110080000
191,2014-01-10 09:00:00,0,2014-01-10 09:00:00,20140110090000
192,2014-01-10 10:00:00,0,2014-01-10 10:00:00,20140110100000
193,2014-01-10 11:00:00,10,2014-01-10 11:00:00,20140110110000
194,2014-01-10 12:00:00,4,2014-01-10 12:00:00,20140110120000
195,2014-01-10 13:00:00,0,2014-01-10 13:00:00,20140110130000
196,2014-01-10 14:00:00,5,2014-01-10 14:00:00,20140110140000
197,2014-01-10 15:00:00,18,2014-01-10 15:00:00,20140110150000
198,2014-01-10 16:00:00,0,2014-01-10 16:00:00,20140110160000
199,2014-01-10 17:00:00,0,2014-01-10 17:00:00,20140110170000
200,2014-01-10 18:00:00,0,2014-01-10 18:00:00,20140110180000
201,2014-01-10 19:00:00,0,2014-01-10 19:00:00,20140110190000
202,2014-01-10 20:00:00,0,2014-01-10 20:00:00,20140110200000
203,2014-01-10 21:00:00,0,2014-01-10 21:00:00,20140110210000
204,2014-01-10 22:00:00,0,2014-01-10 22:00:00,20140110220000
205,2014-01-10 23:00:00,0,2014-01-10 23:00:00,20140110230000
206,2014-01-11 00:00:00,0,2014-01-11 00:00:00,20140111000000
207,2014-01-11 01:00:00,0,2014-01-11 01:00:00,20140111010000
208,2014-01-11 02:00:00,0,2014-01-11 02:00:00,20140111020000
209,2014-01-11 03:00:00,0,2014-01-11 03:00:00,20140111030000
210,2014-01-11 04:00:00,0,2014-01-11 04:00:00,20140111040000
211,2014-01-11 05:00:00,0,2014-01-11 05:00:00,20140111050000
212,2014-01-11 06:00:00,0,2014-01-11 06:00:00,20140111060000
213,2014-01-11 07:00:00,0,2014-01-11 07:00:00,20140111070000
214,2014-01-11 08:00:00,0,2014-01-11 08:00:00,20140111080000
215,2014-01-11 09:00:00,0,2014-01-11 09:00:00,20140111090000
216,2014-01-11 10:00:00,0,2014-01-11 10:00:00,20140111100000
217,2014-01-11 11:00:00,0,2014-01-11 11:00:00,20140111110000
218,2014-01-11 12:00:00,6,2014-01-11 12:00:00,20140111120000
219,2014-01-11 13:00:00,6,2014-01-11 13:00:00,20140111130000
220,2014-01-11 14:00:00,11,2014-01-11 14:00:00,20140111140000
221,2014-01-11 15:00:00,9,2014-01-11 15:00:00,20140111150000
222,2014-01-11 16:00:00,8,2014-01-11 16:00:00,20140111160000
223,2014-01-11 17:00:00,0,2014-01-11 17:00:00,20140111170000
224,2014-01-11 18:00:00,2,2014-01-11 18:00:00,20140111180000
225,2014-01-11 19:00:00,0,2014-01-11 19:00:00,20140111190000
226,2014-01-11 20:00:00,0,2014-01-11 20:00:00,20140111200000
227,2014-01-11 21:00:00,0,2014-01-11 21:00:00,20140111210000
228,2014-01-11 22:00:00,0,2014-01-11 22:00:00,20140111220000
229,2014-01-11 23:00:00,0,2014-01-11 23:00:00,20140111230000
230,2014-01-12 00:00:00,0,2014-01-12 00:00:00,20140112000000
231,2014-01-12 01:00:00,0,2014-01-12 01:00:00,20140112010000
232,2014-01-12 02:00:00,0,2014-01-12 02:00:00,20140112020000
233,2014-01-12 03:00:00,0,2014-01-12 03:00:00,20140112030000
234,2014-01-12 04:00:00,0,2014-01-12 04:00:00,20140112040000
235,2014-01-12 05:00:00,0,2014-01-12 05:00:00,20140112050000
236,2014-01-12 06:00:00,0,2014-01-12 06:00:00,20140112060000
237,2014-01-12 07:00:00,0,2014-01-12 07:00:00,20140112070000
238,2014-01-12 08:00:00,0,2014-01-12 08:00:00,20140112080000
239,2014-01-12 09:00:00,0,2014-01-12 09:00:00,20140112090000
240,2014-01-12 10:00:00,0,2014-01-12 10:00:00,20140112100000
241,2014-01-12 11:00:00,10,2014-01-12 11:00:00,20140112110000
242,2014-01-12 12:00:00,8,2014-01-12 12:00:00,20140112120000
243,2014-01-12 13:00:00,0,2014-01-12 13:00:00,20140112130000
244,2014-01-12 14:00:00,7,2014-01-12 14:00:00,20140112140000
245,2014-01-12 15:00:00,0,2014-01-12 15:00:00,20140112150000
246,2014-01-12 16:00:00,6,2014-01-12 16:00:00,20140112160000
247,2014-01-12 17:00:00,0,2014-01-12 17:00:00,20140112170000
248,2014-01-12 18:00:00,0,2014-01-12 18:00:00,20140112180000
249,2014-01-12 19:00:00,0,2014-01-12 19:00:00,20140112190000
250,2014-01-12 20:00:00,0,2014-01-12 20:00:00,20140112200000
251,2014-01-12 21:00:00,0,2014-01-12 21:00:00,20140112210000
252,2014-01-12 22:00:00,0,2014-01-12 22:00:00,20140112220000
253,2014-01-12 23:00:00,0,2014-01-12 23:00:00,20140112230000
254,2014-01-13 00:00:00,0,2014-01-13 00:00:00,20140113000000
255,2014-01-13 01:00:00,0,2014-01-13 01:00:00,20140113010000
256,2014-01-13 02:00:00,0,2014-01-13 02:00:00,20140113020000
257,2014-01-13 03:00:00,0,2014-01-13 03:00:00,20140113030000
258,2014-01-13 04:00:00,0,2014-01-13 04:00:00,20140113040000
259,2014-01-13 05:00:00,0,2014-01-13 05:00:00,20140113050000
260,2014-01-13 06:00:00,0,2014-01-13 06:00:00,20140113060000
261,2014-01-13 07:00:00,0,2014-01-13 07:00:00,20140113070000
262,2014-01-13 08:00:00,0,2014-01-13 08:00:00,20140113080000
263,2014-01-13 09:00:00,0,2014-01-13 09:00:00,20140113090000
264,2014-01-13 10:00:00,0,2014-01-13 10:00:00,20140113100000
265,2014-01-13 11:00:00,0,2014-01-13 11:00:00,20140113110000
266,2014-01-13 12:00:00,0,2014-01-13 12:00:00,20140113120000
267,2014-01-13 13:00:00,0,2014-01-13 13:00:00,20140113130000
268,2014-01-13 14:00:00,0,2014-01-13 14:00:00,20140113140000
269,2014-01-13 15:00:00,0,2014-01-13 15:00:00,20140113150000
270,2014-01-13 16:00:00,5,2014-01-13 16:00:00,20140113160000
271,2014-01-13 17:00:00,0,2014-01-13 17:00:00,20140113170000
272,2014-01-13 18:00:00,0,2014-01-13 18:00:00,20140113180000
273,2014-01-13 19:00:00,0,2014-01-13 19:00:00,20140113190000
274,2014-01-13 20:00:00,0,2014-01-13 20:00:00,20140113200000
275,2014-01-13 21:00:00,0,2014-01-13 21:00:00,20140113210000
276,2014-01-13 22:00:00,0,2014-01-13 22:00:00,20140113220000
277,2014-01-13 23:00:00,0,2014-01-13 23:00:00,20140113230000
278,2014-01-14 00:00:00,0,2014-01-14 00:00:00,20140114000000
279,2014-01-14 01:00:00,0,2014-01-14 01:00:00,20140114010000
280,2014-01-14 02:00:00,0,2014-01-14 02:00:00,20140114020000
281,2014-01-14 03:00:00,0,2014-01-14 03:00:00,20140114030000
282,2014-01-14 04:00:00,0,2014-01-14 04:00:00,20140114040000
283,2014-01-14 05:00:00,0,2014-01-14 05:00:00,20140114050000
284,2014-01-14 06:00:00,0,2014-01-14 06:00:00,20140114060000
285,2014-01-14 07:00:00,0,2014-01-14 07:00:00,20140114070000
286,2014-01-14 08:00:00,0,2014-01-14 08:00:00,20140114080000
287,2014-01-14 09:00:00,0,2014-01-14 09:00:00,20140114090000
288,2014-01-14 10:00:00,0,2014-01-14 10:00:00,20140114100000
289,2014-01-14 11:00:00,2,2014-01-14 11:00:00,20140114110000
290,2014-01-14 12:00:00,1,2014-01-14 12:00:00,20140114120000
291,2014-01-14 13:00:00,3,2014-01-14 13:00:00,20140114130000
292,2014-01-14 14:00:00,2,2014-01-14 14:00:00,20140114140000
293,2014-01-14 15:00:00,0,2014-01-14 15:00:00,20140114150000
294,2014-01-14 16:00:00,2,2014-01-14 16:00:00,20140114160000
295,2014-01-14 17:00:00,0,2014-01-14 17:00:00,20140114170000
296,2014-01-14 18:00:00,0,2014-01-14 18:00:00,20140114180000
297,2014-01-14 19:00:00,0,2014-01-14 19:00:00,20140114190000
298,2014-01-14 20:00:00,0,2014-01-14 20:00:00,20140114200000
299,2014-01-14 21:00:00,0,2014-01-14 21:00:00,20140114210000
300,2014-01-14 22:00:00,0,2014-01-14 22:00:00,20140114220000
301,2014-01-14 23:00:00,0,2014-01-14 23:00:00,20140114230000
302,2014-01-15 00:00:00,0,2014-01-15 00:00:00,20140115000000
303,2014-01-15 01:00:00,0,2014-01-15 01:00:00,20140115010000
304,2014-01-15 02:00:00,0,2014-01-15 02:00:00,20140115020000
305,2014-01-15 03:00:00,0,2014-01-15 03:00:00,20140115030000
306,2014-01-15 04:00:00,0,2014-01-15 04:00:00,20140115040000
307,2014-01-15 05:00:00,0,2014-01-15 05:00:00,20140115050000
308,2014-01-15 06:00:00,0,2014-01-15 06:00:00,20140115060000
309,2014-01-15 07:00:00,0,2014-01-15 07:00:00,20140115070000
310,2014-01-15 08:00:00,0,2014-01-15 08:00:00,20140115080000
311,2014-01-15 09:00:00,2,2014-01-15 09:00:00,20140115090000
312,2014-01-15 10:00:00,0,2014-01-15 10:00:00,20140115100000
313,2014-01-15 11:00:00,2,2014-01-15 11:00:00,20140115110000
314,2014-01-15 12:00:00,0,2014-01-15 12:00:00,20140115120000
315,2014-01-15 13:00:00,3,2014-01-15 13:00:00,20140115130000
316,2014-01-15 14:00:00,5,2014-01-15 14:00:00,20140115140000
317,2014-01-15 15:00:00,0,2014-01-15 15:00:00,20140115150000
318,2014-01-15 16:00:00,3,2014-01-15 16:00:00,20140115160000
319,2014-01-15 17:00:00,0,2014-01-15 17:00:00,20140115170000
320,2014-01-15 18:00:00,0,2014-01-15 18:00:00,20140115180000
321,2014-01-15 19:00:00,0,2014-01-15 19:00:00,20140115190000
322,2014-01-15 20:00:00,0,2014-01-15 20:00:00,20140115200000
323,2014-01-15 21:00:00,0,2014-01-15 21:00:00,20140115210000
324,2014-01-15 22:00:00,0,2014-01-15 22:00:00,20140115220000
325,2014-01-15 23:00:00,0,2014-01-15 23:00:00,20140115230000
326,2014-01-16 00:00:00,0,2014-01-16 00:00:00,20140116000000
327,2014-01-16 01:00:00,0,2014-01-16 01:00:00,20140116010000
328,2014-01-16 02:00:00,0,2014-01-16 02:00:00,20140116020000
329,2014-01-16 03:00:00,0,2014-01-16 03:00:00,20140116030000
330,2014-01-16 04:00:00,0,2014-01-16 04:00:00,20140116040000
331,2014-01-16 05:00:00,0,2014-01-16 05:00:00,20140116050000
332,2014-01-16 06:00:00,0,2014-01-16 06:00:00,20140116060000
333,2014-01-16 07:00:00,0,2014-01-16 07:00:00,20140116070000
334,2014-01-16 08:00:00,0,2014-01-16 08:00:00,20140116080000
335,2014-01-16 09:00:00,0,2014-01-16 09:00:00,20140116090000
336,2014-01-16 10:00:00,0,2014-01-16 10:00:00,20140116100000
337,2014-01-16 11:00:00,2,2014-01-16 11:00:00,20140116110000
338,2014-01-16 12:00:00,0,2014-01-16 12:00:00,20140116120000
339,2014-01-16 13:00:00,2,2014-01-16 13:00:00,20140116130000
340,2014-01-16 14:00:00,7,2014-01-16 14:00:00,20140116140000
341,2014-01-16 15:00:00,0,2014-01-16 15:00:00,20140116150000
342,2014-01-16 16:00:00,1,2014-01-16 16:00:00,20140116160000
343,2014-01-16 17:00:00,0,2014-01-16 17:00:00,20140116170000
344,2014-01-16 18:00:00,0,2014-01-16 18:00:00,20140116180000
345,2014-01-16 19:00:00,0,2014-01-16 19:00:00,20140116190000
346,2014-01-16 20:00:00,0,2014-01-16 20:00:00,20140116200000
347,2014-01-16 21:00:00,0,2014-01-16 21:00:00,20140116210000
348,2014-01-16 22:00:00,0,2014-01-16 22:00:00,20140116220000
349,2014-01-16 23:00:00,0,2014-01-16 23:00:00,20140116230000
350,2014-01-17 00:00:00,0,2014-01-17 00:00:00,20140117000000
351,2014-01-17 01:00:00,0,2014-01-17 01:00:00,20140117010000
352,2014-01-17 02:00:00,0,2014-01-17 02:00:00,20140117020000
353,2014-01-17 03:00:00,0,2014-01-17 03:00:00,20140117030000
354,2014-01-17 04:00:00,0,2014-01-17 04:00:00,20140117040000
355,2014-01-17 05:00:00,0,2014-01-17 05:00:00,20140117050000
356,2014-01-17 06:00:00,0,2014-01-17 06:00:00,20140117060000
357,2014-01-17 07:00:00,0,2014-01-17 07:00:00,20140117070000
358,2014-01-17 08:00:00,0,2014-01-17 08:00:00,20140117080000
359,2014-01-17 09:00:00,0,2014-01-17 09:00:00,20140117090000
360,2014-01-17 10:00:00,4,2014-01-17 10:00:00,20140117100000
361,2014-01-17 11:00:00,0,2014-01-17 11:00:00,20140117110000
362,2014-01-17 12:00:00,0,2014-01-17 12:00:00,20140117120000
363,2014-01-17 13:00:00,0,2014-01-17 13:00:00,20140117130000
364,2014-01-17 14:00:00,0,2014-01-17 14:00:00,20140117140000
365,2014-01-17 15:00:00,0,2014-01-17 15:00:00,20140117150000
366,2014-01-17 16:00:00,0,2014-01-17 16:00:00,20140117160000
367,2014-01-17 17:00:00,2,2014-01-17 17:00:00,20140117170000
368,2014-01-17 18:00:00,0,2014-01-17 18:00:00,20140117180000
369,2014-01-17 19:00:00,0,2014-01-17 19:00:00,20140117190000
370,2014-01-17 20:00:00,0,2014-01-17 20:00:00,20140117200000
371,2014-01-17 21:00:00,0,2014-01-17 21:00:00,20140117210000
372,2014-01-17 22:00:00,0,2014-01-17 22:00:00,20140117220000
373,2014-01-17 23:00:00,0,2014-01-17 23:00:00,20140117230000
374,2014-01-18 00:00:00,0,2014-01-18 00:00:00,20140118000000
375,2014-01-18 01:00:00,0,2014-01-18 01:00:00,20140118010000
376,2014-01-18 02:00:00,0,2014-01-18 02:00:00,20140118020000
377,2014-01-18 03:00:00,0,2014-01-18 03:00:00,20140118030000
378,2014-01-18 04:00:00,0,2014-01-18 04:00:00,20140118040000
379,2014-01-18 05:00:00,0,2014-01-18 05:00:00,20140118050000
380,2014-01-18 06:00:00,0,2014-01-18 06:00:00,20140118060000
381,2014-01-18 07:00:00,0,2014-01-18 07:00:00,20140118070000
382,2014-01-18 08:00:00,0,2014-01-18 08:00:00,20140118080000
383,2014-01-18 09:00:00,0,2014-01-18 09:00:00,20140118090000
384,2014-01-18 10:00:00,4,2014-01-18 10:00:00,20140118100000
385,2014-01-18 11:00:00,9,2014-01-18 11:00:00,20140118110000
386,2014-01-18 12:00:00,3,2014-01-18 12:00:00,20140118120000
387,2014-01-18 13:00:00,10,2014-01-18 13:00:00,20140118130000
388,2014-01-18 14:00:00,2,2014-01-18 14:00:00,20140118140000
389,2014-01-18 15:00:00,8,2014-01-18 15:00:00,20140118150000
390,2014-01-18 16:00:00,6,2014-01-18 16:00:00,20140118160000
391,2014-01-18 17:00:00,4,2014-01-18 17:00:00,20140118170000
392,2014-01-18 18:00:00,0,2014-01-18 18:00:00,20140118180000
393,2014-01-18 19:00:00,0,2014-01-18 19:00:00,20140118190000
394,2014-01-18 20:00:00,0,2014-01-18 20:00:00,20140118200000
395,2014-01-18 21:00:00,0,2014-01-18 21:00:00,20140118210000
396,2014-01-18 22:00:00,0,2014-01-18 22:00:00,20140118220000
397,2014-01-18 23:00:00,0,2014-01-18 23:00:00,20140118230000
398,2014-01-19 00:00:00,0,2014-01-19 00:00:00,20140119000000
399,2014-01-19 01:00:00,0,2014-01-19 01:00:00,20140119010000
400,2014-01-19 02:00:00,0,2014-01-19 02:00:00,20140119020000
401,2014-01-19 03:00:00,0,2014-01-19 03:00:00,20140119030000
402,2014-01-19 04:00:00,0,2014-01-19 04:00:00,20140119040000
403,2014-01-19 05:00:00,0,2014-01-19 05:00:00,20140119050000
404,2014-01-19 06:00:00,0,2014-01-19 06:00:00,20140119060000
405,2014-01-19 07:00:00,0,2014-01-19 07:00:00,20140119070000
406,2014-01-19 08:00:00,0,2014-01-19 08:00:00,20140119080000
407,2014-01-19 09:00:00,0,2014-01-19 09:00:00,20140119090000
408,2014-01-19 10:00:00,4,2014-01-19 10:00:00,20140119100000
409,2014-01-19 11:00:00,2,2014-01-19 11:00:00,20140119110000
410,2014-01-19 12:00:00,2,2014-01-19 12:00:00,20140119120000
411,2014-01-19 13:00:00,3,2014-01-19 13:00:00,20140119130000
412,2014-01-19 14:00:00,4,2014-01-19 14:00:00,20140119140000
413,2014-01-19 15:00:00,11,2014-01-19 15:00:00,20140119150000
414,2014-01-19 16:00:00,3,2014-01-19 16:00:00,20140119160000
415,2014-01-19 17:00:00,2,2014-01-19 17:00:00,20140119170000
416,2014-01-19 18:00:00,0,2014-01-19 18:00:00,20140119180000
417,2014-01-19 19:00:00,0,2014-01-19 19:00:00,20140119190000
418,2014-01-19 20:00:00,0,2014-01-19 20:00:00,20140119200000
419,2014-01-19 21:00:00,0,2014-01-19 21:00:00,20140119210000
420,2014-01-19 22:00:00,0,2014-01-19 22:00:00,20140119220000
421,2014-01-19 23:00:00,0,2014-01-19 23:00:00,20140119230000
422,2014-01-20 00:00:00,0,2014-01-20 00:00:00,20140120000000
423,2014-01-20 01:00:00,0,2014-01-20 01:00:00,20140120010000
424,2014-01-20 02:00:00,0,2014-01-20 02:00:00,20140120020000
425,2014-01-20 03:00:00,0,2014-01-20 03:00:00,20140120030000
426,2014-01-20 04:00:00,0,2014-01-20 04:00:00,20140120040000
427,2014-01-20 05:00:00,0,2014-01-20 05:00:00,20140120050000
428,2014-01-20 06:00:00,0,2014-01-20 06:00:00,20140120060000
429,2014-01-20 07:00:00,0,2014-01-20 07:00:00,20140120070000
430,2014-01-20 08:00:00,0,2014-01-20 08:00:00,20140120080000
431,2014-01-20 09:00:00,0,2014-01-20 09:00:00,20140120090000
432,2014-01-20 10:00:00,0,2014-01-20 10:00:00,20140120100000
433,2014-01-20 11:00:00,0,2014-01-20 11:00:00,20140120110000
434,2014-01-20 12:00:00,0,2014-01-20 12:00:00,20140120120000
435,2014-01-20 13:00:00,2,2014-01-20 13:00:00,20140120130000
436,2014-01-20 14:00:00,10,2014-01-20 14:00:00,20140120140000
437,2014-01-20 15:00:00,0,2014-01-20 15:00:00,20140120150000
438,2014-01-20 16:00:00,6,2014-01-20 16:00:00,20140120160000
439,2014-01-20 17:00:00,0,2014-01-20 17:00:00,20140120170000
440,2014-01-20 18:00:00,0,2014-01-20 18:00:00,20140120180000
441,2014-01-20 19:00:00,0,2014-01-20 19:00:00,20140120190000
442,2014-01-20 20:00:00,0,2014-01-20 20:00:00,20140120200000
443,2014-01-20 21:00:00,0,2014-01-20 21:00:00,20140120210000
444,2014-01-20 22:00:00,0,2014-01-20 22:00:00,20140120220000
445,2014-01-20 23:00:00,0,2014-01-20 23:00:00,20140120230000
446,2014-01-21 00:00:00,0,2014-01-21 00:00:00,20140121000000
447,2014-01-21 01:00:00,0,2014-01-21 01:00:00,20140121010000
448,2014-01-21 02:00:00,0,2014-01-21 02:00:00,20140121020000
449,2014-01-21 03:00:00,0,2014-01-21 03:00:00,20140121030000
450,2014-01-21 04:00:00,0,2014-01-21 04:00:00,20140121040000
451,2014-01-21 05:00:00,0,2014-01-21 05:00:00,20140121050000
452,2014-01-21 06:00:00,0,2014-01-21 06:00:00,20140121060000
453,2014-01-21 07:00:00,0,2014-01-21 07:00:00,20140121070000
454,2014-01-21 08:00:00,0,2014-01-21 08:00:00,20140121080000
455,2014-01-21 09:00:00,0,2014-01-21 09:00:00,20140121090000
456,2014-01-21 10:00:00,2,2014-01-21 10:00:00,20140121100000
457,2014-01-21 11:00:00,2,2014-01-21 11:00:00,20140121110000
458,2014-01-21 12:00:00,0,2014-01-21 12:00:00,20140121120000
459,2014-01-21 13:00:00,1,2014-01-21 13:00:00,20140121130000
460,2014-01-21 14:00:00,2,2014-01-21 14:00:00,20140121140000
461,2014-01-21 15:00:00,8,2014-01-21 15:00:00,20140121150000
462,2014-01-21 16:00:00,0,2014-01-21 16:00:00,20140121160000
463,2014-01-21 17:00:00,1,2014-01-21 17:00:00,20140121170000
464,2014-01-21 18:00:00,0,2014-01-21 18:00:00,20140121180000
465,2014-01-21 19:00:00,0,2014-01-21 19:00:00,20140121190000
466,2014-01-21 20:00:00,0,2014-01-21 20:00:00,20140121200000
467,2014-01-21 21:00:00,0,2014-01-21 21:00:00,20140121210000
468,2014-01-21 22:00:00,0,2014-01-21 22:00:00,20140121220000
469,2014-01-21 23:00:00,0,2014-01-21 23:00:00,20140121230000
470,2014-01-22 00:00:00,0,2014-01-22 00:00:00,20140122000000
471,2014-01-22 01:00:00,0,2014-01-22 01:00:00,20140122010000
472,2014-01-22 02:00:00,0,2014-01-22 02:00:00,20140122020000
473,2014-01-22 03:00:00,0,2014-01-22 03:00:00,20140122030000
474,2014-01-22 04:00:00,0,2014-01-22 04:00:00,20140122040000
475,2014-01-22 05:00:00,0,2014-01-22 05:00:00,20140122050000
476,2014-01-22 06:00:00,0,2014-01-22 06:00:00,20140122060000
477,2014-01-22 07:00:00,0,2014-01-22 07:00:00,20140122070000
478,2014-01-22 08:00:00,0,2014-01-22 08:00:00,20140122080000
479,2014-01-22 09:00:00,0,2014-01-22 09:00:00,20140122090000
480,2014-01-22 10:00:00,0,2014-01-22 10:00:00,20140122100000
481,2014-01-22 11:00:00,6,2014-01-22 11:00:00,20140122110000
482,2014-01-22 12:00:00,0,2014-01-22 12:00:00,20140122120000
483,2014-01-22 13:00:00,1,2014-01-22 13:00:00,20140122130000
484,2014-01-22 14:00:00,2,2014-01-22 14:00:00,20140122140000
485,2014-01-22 15:00:00,5,2014-01-22 15:00:00,20140122150000
486,2014-01-22 16:00:00,2,2014-01-22 16:00:00,20140122160000
487,2014-01-22 17:00:00,1,2014-01-22 17:00:00,20140122170000
488,2014-01-22 18:00:00,0,2014-01-22 18:00:00,20140122180000
489,2014-01-22 19:00:00,0,2014-01-22 19:00:00,20140122190000
490,2014-01-22 20:00:00,0,2014-01-22 20:00:00,20140122200000
491,2014-01-22 21:00:00,0,2014-01-22 21:00:00,20140122210000
492,2014-01-22 22:00:00,0,2014-01-22 22:00:00,20140122220000
493,2014-01-22 23:00:00,0,2014-01-22 23:00:00,20140122230000
494,2014-01-23 00:00:00,0,2014-01-23 00:00:00,20140123000000
495,2014-01-23 01:00:00,0,2014-01-23 01:00:00,20140123010000
496,2014-01-23 02:00:00,0,2014-01-23 02:00:00,20140123020000
497,2014-01-23 03:00:00,0,2014-01-23 03:00:00,20140123030000
498,2014-01-23 04:00:00,0,2014-01-23 04:00:00,20140123040000
499,2014-01-23 05:00:00,0,2014-01-23 05:00:00,20140123050000
500,2014-01-23 06:00:00,0,2014-01-23 06:00:00,20140123060000
501,2014-01-23 07:00:00,0,2014-01-23 07:00:00,20140123070000
502,2014-01-23 08:00:00,0,2014-01-23 08:00:00,20140123080000
503,2014-01-23 09:00:00,0,2014-01-23 09:00:00,20140123090000
504,2014-01-23 10:00:00,0,2014-01-23 10:00:00,20140123100000
505,2014-01-23 11:00:00,0,2014-01-23 11:00:00,20140123110000
506,2014-01-23 12:00:00,4,2014-01-23 12:00:00,20140123120000
507,2014-01-23 13:00:00,0,2014-01-23 13:00:00,20140123130000
508,2014-01-23 14:00:00,0,2014-01-23 14:00:00,20140123140000
509,2014-01-23 15:00:00,0,2014-01-23 15:00:00,20140123150000
510,2014-01-23 16:00:00,4,2014-01-23 16:00:00,20140123160000
511,2014-01-23 17:00:00,1,2014-01-23 17:00:00,20140123170000
512,2014-01-23 18:00:00,0,2014-01-23 18:00:00,20140123180000
513,2014-01-23 19:00:00,0,2014-01-23 19:00:00,20140123190000
514,2014-01-23 20:00:00,0,2014-01-23 20:00:00,20140123200000
515,2014-01-23 21:00:00,0,2014-01-23 21:00:00,20140123210000
516,2014-01-23 22:00:00,0,2014-01-23 22:00:00,20140123220000
517,2014-01-23 23:00:00,0,2014-01-23 23:00:00,20140123230000
518,2014-01-24 00:00:00,0,2014-01-24 00:00:00,20140124000000
519,2014-01-24 01:00:00,0,2014-01-24 01:00:00,20140124010000
520,2014-01-24 02:00:00,0,2014-01-24 02:00:00,20140124020000
521,2014-01-24 03:00:00,0,2014-01-24 03:00:00,20140124030000
522,2014-01-24 04:00:00,0,2014-01-24 04:00:00,20140124040000
523,2014-01-24 05:00:00,0,2014-01-24 05:00:00,20140124050000
524,2014-01-24 06:00:00,0,2014-01-24 06:00:00,20140124060000
525,2014-01-24 07:00:00,0,2014-01-24 07:00:00,20140124070000
526,2014-01-24 08:00:00,0,2014-01-24 08:00:00,20140124080000
527,2014-01-24 09:00:00,0,2014-01-24 09:00:00,20140124090000
528,2014-01-24 10:00:00,0,2014-01-24 10:00:00,20140124100000
529,2014-01-24 11:00:00,1,2014-01-24 11:00:00,20140124110000
530,2014-01-24 12:00:00,2,2014-01-24 12:00:00,20140124120000
531,2014-01-24 13:00:00,0,2014-01-24 13:00:00,20140124130000
532,2014-01-24 14:00:00,7,2014-01-24 14:00:00,20140124140000
533,2014-01-24 15:00:00,3,2014-01-24 15:00:00,20140124150000
534,2014-01-24 16:00:00,0,2014-01-24 16:00:00,20140124160000
535,2014-01-24 17:00:00,0,2014-01-24 17:00:00,20140124170000
536,2014-01-24 18:00:00,0,2014-01-24 18:00:00,20140124180000
537,2014-01-24 19:00:00,0,2014-01-24 19:00:00,20140124190000
538,2014-01-24 20:00:00,0,2014-01-24 20:00:00,20140124200000
539,2014-01-24 21:00:00,0,2014-01-24 21:00:00,20140124210000
540,2014-01-24 22:00:00,0,2014-01-24 22:00:00,20140124220000
541,2014-01-24 23:00:00,0,2014-01-24 23:00:00,20140124230000
542,2014-01-25 00:00:00,0,2014-01-25 00:00:00,20140125000000
543,2014-01-25 01:00:00,0,2014-01-25 01:00:00,20140125010000
544,2014-01-25 02:00:00,0,2014-01-25 02:00:00,20140125020000
545,2014-01-25 03:00:00,0,2014-01-25 03:00:00,20140125030000
546,2014-01-25 04:00:00,0,2014-01-25 04:00:00,20140125040000
547,2014-01-25 05:00:00,0,2014-01-25 05:00:00,20140125050000
548,2014-01-25 06:00:00,0,2014-01-25 06:00:00,20140125060000
549,2014-01-25 07:00:00,0,2014-01-25 07:00:00,20140125070000
550,2014-01-25 08:00:00,0,2014-01-25 08:00:00,20140125080000
551,2014-01-25 09:00:00,4,2014-01-25 09:00:00,20140125090000
552,2014-01-25 10:00:00,0,2014-01-25 10:00:00,20140125100000
553,2014-01-25 11:00:00,4,2014-01-25 11:00:00,20140125110000
554,2014-01-25 12:00:00,4,2014-01-25 12:00:00,20140125120000
555,2014-01-25 13:00:00,15,2014-01-25 13:00:00,20140125130000
556,2014-01-25 14:00:00,5,2014-01-25 14:00:00,20140125140000
557,2014-01-25 15:00:00,10,2014-01-25 15:00:00,20140125150000
558,2014-01-25 16:00:00,15,2014-01-25 16:00:00,20140125160000
559,2014-01-25 17:00:00,1,2014-01-25 17:00:00,20140125170000
560,2014-01-25 18:00:00,2,2014-01-25 18:00:00,20140125180000
561,2014-01-25 19:00:00,0,2014-01-25 19:00:00,20140125190000
562,2014-01-25 20:00:00,0,2014-01-25 20:00:00,20140125200000
563,2014-01-25 21:00:00,0,2014-01-25 21:00:00,20140125210000
564,2014-01-25 22:00:00,0,2014-01-25 22:00:00,20140125220000
565,2014-01-25 23:00:00,0,2014-01-25 23:00:00,20140125230000
566,2014-01-26 00:00:00,0,2014-01-26 00:00:00,20140126000000
567,2014-01-26 01:00:00,0,2014-01-26 01:00:00,20140126010000
568,2014-01-26 02:00:00,0,2014-01-26 02:00:00,20140126020000
569,2014-01-26 03:00:00,0,2014-01-26 03:00:00,20140126030000
570,2014-01-26 04:00:00,0,2014-01-26 04:00:00,20140126040000
571,2014-01-26 05:00:00,0,2014-01-26 05:00:00,20140126050000
572,2014-01-26 06:00:00,0,2014-01-26 06:00:00,20140126060000
573,2014-01-26 07:00:00,0,2014-01-26 07:00:00,20140126070000
574,2014-01-26 08:00:00,3,2014-01-26 08:00:00,20140126080000
575,2014-01-26 09:00:00,2,2014-01-26 09:00:00,20140126090000
576,2014-01-26 10:00:00,0,2014-01-26 10:00:00,20140126100000
577,2014-01-26 11:00:00,5,2014-01-26 11:00:00,20140126110000
578,2014-01-26 12:00:00,10,2014-01-26 12:00:00,20140126120000
579,2014-01-26 13:00:00,2,2014-01-26 13:00:00,20140126130000
580,2014-01-26 14:00:00,14,2014-01-26 14:00:00,20140126140000
581,2014-01-26 15:00:00,9,2014-01-26 15:00:00,20140126150000
582,2014-01-26 16:00:00,7,2014-01-26 16:00:00,20140126160000
583,2014-01-26 17:00:00,0,2014-01-26 17:00:00,20140126170000
584,2014-01-26 18:00:00,0,2014-01-26 18:00:00,20140126180000
585,2014-01-26 19:00:00,0,2014-01-26 19:00:00,20140126190000
586,2014-01-26 20:00:00,0,2014-01-26 20:00:00,20140126200000
587,2014-01-26 21:00:00,0,2014-01-26 21:00:00,20140126210000
588,2014-01-26 22:00:00,0,2014-01-26 22:00:00,20140126220000
589,2014-01-26 23:00:00,0,2014-01-26 23:00:00,20140126230000
590,2014-01-27 00:00:00,0,2014-01-27 00:00:00,20140127000000
591,2014-01-27 01:00:00,0,2014-01-27 01:00:00,20140127010000
592,2014-01-27 02:00:00,0,2014-01-27 02:00:00,20140127020000
593,2014-01-27 03:00:00,0,2014-01-27 03:00:00,20140127030000
594,2014-01-27 04:00:00,0,2014-01-27 04:00:00,20140127040000
595,2014-01-27 05:00:00,0,2014-01-27 05:00:00,20140127050000
596,2014-01-27 06:00:00,0,2014-01-27 06:00:00,20140127060000
597,2014-01-27 07:00:00,0,2014-01-27 07:00:00,20140127070000
598,2014-01-27 08:00:00,0,2014-01-27 08:00:00,20140127080000
599,2014-01-27 09:00:00,0,2014-01-27 09:00:00,20140127090000
600,2014-01-27 10:00:00,0,2014-01-27 10:00:00,20140127100000
601,2014-01-27 11:00:00,0,2014-01-27 11:00:00,20140127110000
602,2014-01-27 12:00:00,0,2014-01-27 12:00:00,20140127120000
603,2014-01-27 13:00:00,1,2014-01-27 13:00:00,20140127130000
604,2014-01-27 14:00:00,2,2014-01-27 14:00:00,20140127140000
605,2014-01-27 15:00:00,0,2014-01-27 15:00:00,20140127150000
606,2014-01-27 16:00:00,0,2014-01-27 16:00:00,20140127160000
607,2014-01-27 17:00:00,0,2014-01-27 17:00:00,20140127170000
608,2014-01-27 18:00:00,6,2014-01-27 18:00:00,20140127180000
609,2014-01-27 19:00:00,0,2014-01-27 19:00:00,20140127190000
610,2014-01-27 20:00:00,0,2014-01-27 20:00:00,20140127200000
611,2014-01-27 21:00:00,0,2014-01-27 21:00:00,20140127210000
612,2014-01-27 22:00:00,0,2014-01-27 22:00:00,20140127220000
613,2014-01-27 23:00:00,0,2014-01-27 23:00:00,20140127230000
614,2014-01-28 00:00:00,0,2014-01-28 00:00:00,20140128000000
615,2014-01-28 01:00:00,0,2014-01-28 01:00:00,20140128010000
616,2014-01-28 02:00:00,0,2014-01-28 02:00:00,20140128020000
617,2014-01-28 03:00:00,0,2014-01-28 03:00:00,20140128030000
618,2014-01-28 04:00:00,0,2014-01-28 04:00:00,20140128040000
619,2014-01-28 05:00:00,0,2014-01-28 05:00:00,20140128050000
620,2014-01-28 06:00:00,0,2014-01-28 06:00:00,20140128060000
621,2014-01-28 07:00:00,0,2014-01-28 07:00:00,20140128070000
622,2014-01-28 08:00:00,0,2014-01-28 08:00:00,20140128080000
623,2014-01-28 09:00:00,0,2014-01-28 09:00:00,20140128090000
624,2014-01-28 10:00:00,0,2014-01-28 10:00:00,20140128100000
625,2014-01-28 11:00:00,4,2014-01-28 11:00:00,20140128110000
626,2014-01-28 12:00:00,2,2014-01-28 12:00:00,20140128120000
627,2014-01-28 13:00:00,7,2014-01-28 13:00:00,20140128130000
628,2014-01-28 14:00:00,4,2014-01-28 14:00:00,20140128140000
629,2014-01-28 15:00:00,0,2014-01-28 15:00:00,20140128150000
630,2014-01-28 16:00:00,0,2014-01-28 16:00:00,20140128160000
631,2014-01-28 17:00:00,2,2014-01-28 17:00:00,20140128170000
632,2014-01-28 18:00:00,0,2014-01-28 18:00:00,20140128180000
633,2014-01-28 19:00:00,0,2014-01-28 19:00:00,20140128190000
634,2014-01-28 20:00:00,0,2014-01-28 20:00:00,20140128200000
635,2014-01-28 21:00:00,0,2014-01-28 21:00:00,20140128210000
636,2014-01-28 22:00:00,0,2014-01-28 22:00:00,20140128220000
637,2014-01-28 23:00:00,0,2014-01-28 23:00:00,20140128230000
638,2014-01-29 00:00:00,0,2014-01-29 00:00:00,20140129000000
639,2014-01-29 01:00:00,0,2014-01-29 01:00:00,20140129010000
640,2014-01-29 02:00:00,0,2014-01-29 02:00:00,20140129020000
641,2014-01-29 03:00:00,0,2014-01-29 03:00:00,20140129030000
642,2014-01-29 04:00:00,0,2014-01-29 04:00:00,20140129040000
643,2014-01-29 05:00:00,0,2014-01-29 05:00:00,20140129050000
644,2014-01-29 06:00:00,0,2014-01-29 06:00:00,20140129060000
645,2014-01-29 07:00:00,0,2014-01-29 07:00:00,20140129070000
646,2014-01-29 08:00:00,0,2014-01-29 08:00:00,20140129080000
647,2014-01-29 09:00:00,0,2014-01-29 09:00:00,20140129090000
648,2014-01-29 10:00:00,0,2014-01-29 10:00:00,20140129100000
649,2014-01-29 11:00:00,0,2014-01-29 11:00:00,20140129110000
650,2014-01-29 12:00:00,2,2014-01-29 12:00:00,20140129120000
651,2014-01-29 13:00:00,1,2014-01-29 13:00:00,20140129130000
652,2014-01-29 14:00:00,2,2014-01-29 14:00:00,20140129140000
653,2014-01-29 15:00:00,3,2014-01-29 15:00:00,20140129150000
654,2014-01-29 16:00:00,0,2014-01-29 16:00:00,20140129160000
655,2014-01-29 17:00:00,0,2014-01-29 17:00:00,20140129170000
656,2014-01-29 18:00:00,0,2014-01-29 18:00:00,20140129180000
657,2014-01-29 19:00:00,0,2014-01-29 19:00:00,20140129190000
658,2014-01-29 20:00:00,0,2014-01-29 20:00:00,20140129200000
659,2014-01-29 21:00:00,0,2014-01-29 21:00:00,20140129210000
660,2014-01-29 22:00:00,0,2014-01-29 22:00:00,20140129220000
661,2014-01-29 23:00:00,0,2014-01-29 23:00:00,20140129230000
662,2014-01-30 00:00:00,0,2014-01-30 00:00:00,20140130000000
663,2014-01-30 01:00:00,0,2014-01-30 01:00:00,20140130010000
664,2014-01-30 02:00:00,0,2014-01-30 02:00:00,20140130020000
665,2014-01-30 03:00:00,0,2014-01-30 03:00:00,20140130030000
666,2014-01-30 04:00:00,0,2014-01-30 04:00:00,20140130040000
667,2014-01-30 05:00:00,0,2014-01-30 05:00:00,20140130050000
668,2014-01-30 06:00:00,0,2014-01-30 06:00:00,20140130060000
669,2014-01-30 07:00:00,0,2014-01-30 07:00:00,20140130070000
670,2014-01-30 08:00:00,0,2014-01-30 08:00:00,20140130080000
671,2014-01-30 09:00:00,0,2014-01-30 09:00:00,20140130090000
672,2014-01-30 10:00:00,0,2014-01-30 10:00:00,20140130100000
673,2014-01-30 11:00:00,0,2014-01-30 11:00:00,20140130110000
674,2014-01-30 12:00:00,0,2014-01-30 12:00:00,20140130120000
675,2014-01-30 13:00:00,0,2014-01-30 13:00:00,20140130130000
676,2014-01-30 14:00:00,0,2014-01-30 14:00:00,20140130140000
677,2014-01-30 15:00:00,0,2014-01-30 15:00:00,20140130150000
678,2014-01-30 16:00:00,5,2014-01-30 16:00:00,20140130160000
679,2014-01-30 17:00:00,0,2014-01-30 17:00:00,20140130170000
680,2014-01-30 18:00:00,0,2014-01-30 18:00:00,20140130180000
681,2014-01-30 19:00:00,0,2014-01-30 19:00:00,20140130190000
682,2014-01-30 20:00:00,0,2014-01-30 20:00:00,20140130200000
683,2014-01-30 21:00:00,0,2014-01-30 21:00:00,20140130210000
684,2014-01-30 22:00:00,0,2014-01-30 22:00:00,20140130220000
685,2014-01-30 23:00:00,0,2014-01-30 23:00:00,20140130230000
686,2014-01-31 00:00:00,0,2014-01-31 00:00:00,20140131000000
687,2014-01-31 01:00:00,0,2014-01-31 01:00:00,20140131010000
688,2014-01-31 02:00:00,0,2014-01-31 02:00:00,20140131020000
689,2014-01-31 03:00:00,0,2014-01-31 03:00:00,20140131030000
690,2014-01-31 04:00:00,0,2014-01-31 04:00:00,20140131040000
691,2014-01-31 05:00:00,0,2014-01-31 05:00:00,20140131050000
692,2014-01-31 06:00:00,0,2014-01-31 06:00:00,20140131060000
693,2014-01-31 07:00:00,0,2014-01-31 07:00:00,20140131070000
694,2014-01-31 08:00:00,0,2014-01-31 08:00:00,20140131080000
695,2014-01-31 09:00:00,0,2014-01-31 09:00:00,20140131090000
696,2014-01-31 10:00:00,0,2014-01-31 10:00:00,20140131100000
697,2014-01-31 11:00:00,0,2014-01-31 11:00:00,20140131110000
698,2014-01-31 12:00:00,4,2014-01-31 12:00:00,20140131120000
699,2014-01-31 13:00:00,2,2014-01-31 13:00:00,20140131130000
700,2014-01-31 14:00:00,7,2014-01-31 14:00:00,20140131140000
701,2014-01-31 15:00:00,4,2014-01-31 15:00:00,20140131150000
702,2014-01-31 16:00:00,4,2014-01-31 16:00:00,20140131160000
703,2014-01-31 17:00:00,0,2014-01-31 17:00:00,20140131170000
704,2014-01-31 18:00:00,2,2014-01-31 18:00:00,20140131180000
705,2014-01-31 19:00:00,0,2014-01-31 19:00:00,20140131190000
706,2014-01-31 20:00:00,0,2014-01-31 20:00:00,20140131200000
707,2014-01-31 21:00:00,0,2014-01-31 21:00:00,20140131210000
708,2014-01-31 22:00:00,0,2014-01-31 22:00:00,20140131220000
709,2014-01-31 23:00:00,0,2014-01-31 23:00:00,20140131230000
710,2014-02-01 00:00:00,0,2014-02-01 00:00:00,20140201000000
711,2014-02-01 01:00:00,0,2014-02-01 01:00:00,20140201010000
712,2014-02-01 02:00:00,0,2014-02-01 02:00:00,20140201020000
713,2014-02-01 03:00:00,0,2014-02-01 03:00:00,20140201030000
714,2014-02-01 04:00:00,0,2014-02-01 04:00:00,20140201040000
715,2014-02-01 05:00:00,0,2014-02-01 05:00:00,20140201050000
716,2014-02-01 06:00:00,0,2014-02-01 06:00:00,20140201060000
717,2014-02-01 07:00:00,0,2014-02-01 07:00:00,20140201070000
718,2014-02-01 08:00:00,0,2014-02-01 08:00:00,20140201080000
719,2014-02-01 09:00:00,0,2014-02-01 09:00:00,20140201090000
720,2014-02-01 10:00:00,2,2014-02-01 10:00:00,20140201100000
721,2014-02-01 11:00:00,8,2014-02-01 11:00:00,20140201110000
722,2014-02-01 12:00:00,4,2014-02-01 12:00:00,20140201120000
723,2014-02-01 13:00:00,9,2014-02-01 13:00:00,20140201130000
724,2014-02-01 14:00:00,5,2014-02-01 14:00:00,20140201140000
725,2014-02-01 15:00:00,23,2014-02-01 15:00:00,20140201150000
726,2014-02-01 16:00:00,6,2014-02-01 16:00:00,20140201160000
727,2014-02-01 17:00:00,0,2014-02-01 17:00:00,20140201170000
728,2014-02-01 18:00:00,0,2014-02-01 18:00:00,20140201180000
729,2014-02-01 19:00:00,0,2014-02-01 19:00:00,20140201190000
730,2014-02-01 20:00:00,0,2014-02-01 20:00:00,20140201200000
731,2014-02-01 21:00:00,0,2014-02-01 21:00:00,20140201210000
732,2014-02-01 22:00:00,0,2014-02-01 22:00:00,20140201220000
733,2014-02-01 23:00:00,0,2014-02-01 23:00:00,20140201230000
734,2014-02-02 00:00:00,0,2014-02-02 00:00:00,20140202000000
735,2014-02-02 01:00:00,0,2014-02-02 01:00:00,20140202010000
736,2014-02-02 02:00:00,0,2014-02-02 02:00:00,20140202020000
737,2014-02-02 03:00:00,0,2014-02-02 03:00:00,20140202030000
738,2014-02-02 04:00:00,0,2014-02-02 04:00:00,20140202040000
739,2014-02-02 05:00:00,0,2014-02-02 05:00:00,20140202050000
740,2014-02-02 06:00:00,0,2014-02-02 06:00:00,20140202060000
741,2014-02-02 07:00:00,0,2014-02-02 07:00:00,20140202070000
742,2014-02-02 08:00:00,0,2014-02-02 08:00:00,20140202080000
743,2014-02-02 09:00:00,0,2014-02-02 09:00:00,20140202090000
744,2014-02-02 10:00:00,2,2014-02-02 10:00:00,20140202100000
745,2014-02-02 11:00:00,0,2014-02-02 11:00:00,20140202110000
746,2014-02-02 12:00:00,8,2014-02-02 12:00:00,20140202120000
747,2014-02-02 13:00:00,2,2014-02-02 13:00:00,20140202130000
748,2014-02-02 14:00:00,0,2014-02-02 14:00:00,20140202140000
749,2014-02-02 15:00:00,0,2014-02-02 15:00:00,20140202150000
750,2014-02-02 16:00:00,0,2014-02-02 16:00:00,20140202160000
751,2014-02-02 17:00:00,0,2014-02-02 17:00:00,20140202170000
752,2014-02-02 18:00:00,0,2014-02-02 18:00:00,20140202180000
753,2014-02-02 19:00:00,0,2014-02-02 19:00:00,20140202190000
754,2014-02-02 20:00:00,0,2014-02-02 20:00:00,20140202200000
755,2014-02-02 21:00:00,0,2014-02-02 21:00:00,20140202210000
756,2014-02-02 22:00:00,0,2014-02-02 22:00:00,20140202220000
757,2014-02-02 23:00:00,0,2014-02-02 23:00:00,20140202230000
758,2014-02-03 00:00:00,0,2014-02-03 00:00:00,20140203000000
759,2014-02-03 01:00:00,0,2014-02-03 01:00:00,20140203010000
760,2014-02-03 02:00:00,0,2014-02-03 02:00:00,20140203020000
761,2014-02-03 03:00:00,0,2014-02-03 03:00:00,20140203030000
762,2014-02-03 04:00:00,0,2014-02-03 04:00:00,20140203040000
763,2014-02-03 05:00:00,0,2014-02-03 05:00:00,20140203050000
764,2014-02-03 06:00:00,0,2014-02-03 06:00:00,20140203060000
765,2014-02-03 07:00:00,0,2014-02-03 07:00:00,20140203070000
766,2014-02-03 08:00:00,0,2014-02-03 08:00:00,20140203080000
767,2014-02-03 09:00:00,0,2014-02-03 09:00:00,20140203090000
768,2014-02-03 10:00:00,0,2014-02-03 10:00:00,20140203100000
769,2014-02-03 11:00:00,0,2014-02-03 11:00:00,20140203110000
770,2014-02-03 12:00:00,0,2014-02-03 12:00:00,20140203120000
771,2014-02-03 13:00:00,2,2014-02-03 13:00:00,20140203130000
772,2014-02-03 14:00:00,1,2014-02-03 14:00:00,20140203140000
773,2014-02-03 15:00:00,0,2014-02-03 15:00:00,20140203150000
774,2014-02-03 16:00:00,10,2014-02-03 16:00:00,20140203160000
775,2014-02-03 17:00:00,0,2014-02-03 17:00:00,20140203170000
776,2014-02-03 18:00:00,0,2014-02-03 18:00:00,20140203180000
777,2014-02-03 19:00:00,0,2014-02-03 19:00:00,20140203190000
778,2014-02-03 20:00:00,0,2014-02-03 20:00:00,20140203200000
779,2014-02-03 21:00:00,0,2014-02-03 21:00:00,20140203210000
780,2014-02-03 22:00:00,0,2014-02-03 22:00:00,20140203220000
781,2014-02-03 23:00:00,0,2014-02-03 23:00:00,20140203230000
782,2014-02-04 00:00:00,0,2014-02-04 00:00:00,20140204000000
783,2014-02-04 01:00:00,0,2014-02-04 01:00:00,20140204010000
784,2014-02-04 02:00:00,0,2014-02-04 02:00:00,20140204020000
785,2014-02-04 03:00:00,0,2014-02-04 03:00:00,20140204030000
786,2014-02-04 04:00:00,0,2014-02-04 04:00:00,20140204040000
787,2014-02-04 05:00:00,0,2014-02-04 05:00:00,20140204050000
788,2014-02-04 06:00:00,0,2014-02-04 06:00:00,20140204060000
789,2014-02-04 07:00:00,0,2014-02-04 07:00:00,20140204070000
790,2014-02-04 08:00:00,0,2014-02-04 08:00:00,20140204080000
791,2014-02-04 09:00:00,0,2014-02-04 09:00:00,20140204090000
792,2014-02-04 10:00:00,3,2014-02-04 10:00:00,20140204100000
793,2014-02-04 11:00:00,0,2014-02-04 11:00:00,20140204110000
794,2014-02-04 12:00:00,0,2014-02-04 12:00:00,20140204120000
795,2014-02-04 13:00:00,3,2014-02-04 13:00:00,20140204130000
796,2014-02-04 14:00:00,1,2014-02-04 14:00:00,20140204140000
797,2014-02-04 15:00:00,0,2014-02-04 15:00:00,20140204150000
798,2014-02-04 16:00:00,0,2014-02-04 16:00:00,20140204160000
799,2014-02-04 17:00:00,0,2014-02-04 17:00:00,20140204170000
800,2014-02-04 18:00:00,0,2014-02-04 18:00:00,20140204180000
801,2014-02-04 19:00:00,0,2014-02-04 19:00:00,20140204190000
802,2014-02-04 20:00:00,0,2014-02-04 20:00:00,20140204200000
803,2014-02-04 21:00:00,0,2014-02-04 21:00:00,20140204210000
804,2014-02-04 22:00:00,0,2014-02-04 22:00:00,20140204220000
805,2014-02-04 23:00:00,0,2014-02-04 23:00:00,20140204230000
806,2014-02-05 00:00:00,0,2014-02-05 00:00:00,20140205000000
807,2014-02-05 01:00:00,0,2014-02-05 01:00:00,20140205010000
808,2014-02-05 02:00:00,0,2014-02-05 02:00:00,20140205020000
809,2014-02-05 03:00:00,0,2014-02-05 03:00:00,20140205030000
810,2014-02-05 04:00:00,0,2014-02-05 04:00:00,20140205040000
811,2014-02-05 05:00:00,0,2014-02-05 05:00:00,20140205050000
812,2014-02-05 06:00:00,0,2014-02-05 06:00:00,20140205060000
813,2014-02-05 07:00:00,0,2014-02-05 07:00:00,20140205070000
814,2014-02-05 08:00:00,0,2014-02-05 08:00:00,20140205080000
815,2014-02-05 09:00:00,0,2014-02-05 09:00:00,20140205090000
816,2014-02-05 10:00:00,0,2014-02-05 10:00:00,20140205100000
817,2014-02-05 11:00:00,0,2014-02-05 11:00:00,20140205110000
818,2014-02-05 12:00:00,1,2014-02-05 12:00:00,20140205120000
819,2014-02-05 13:00:00,4,2014-02-05 13:00:00,20140205130000
820,2014-02-05 14:00:00,0,2014-02-05 14:00:00,20140205140000
821,2014-02-05 15:00:00,0,2014-02-05 15:00:00,20140205150000
822,2014-02-05 16:00:00,8,2014-02-05 16:00:00,20140205160000
823,2014-02-05 17:00:00,3,2014-02-05 17:00:00,20140205170000
824,2014-02-05 18:00:00,0,2014-02-05 18:00:00,20140205180000
825,2014-02-05 19:00:00,0,2014-02-05 19:00:00,20140205190000
826,2014-02-05 20:00:00,0,2014-02-05 20:00:00,20140205200000
827,2014-02-05 21:00:00,0,2014-02-05 21:00:00,20140205210000
828,2014-02-05 22:00:00,0,2014-02-05 22:00:00,20140205220000
829,2014-02-05 23:00:00,0,2014-02-05 23:00:00,20140205230000
830,2014-02-06 00:00:00,0,2014-02-06 00:00:00,20140206000000
831,2014-02-06 01:00:00,0,2014-02-06 01:00:00,20140206010000
832,2014-02-06 02:00:00,0,2014-02-06 02:00:00,20140206020000
833,2014-02-06 03:00:00,0,2014-02-06 03:00:00,20140206030000
834,2014-02-06 04:00:00,0,2014-02-06 04:00:00,20140206040000
835,2014-02-06 05:00:00,0,2014-02-06 05:00:00,20140206050000
836,2014-02-06 06:00:00,0,2014-02-06 06:00:00,20140206060000
837,2014-02-06 07:00:00,0,2014-02-06 07:00:00,20140206070000
838,2014-02-06 08:00:00,0,2014-02-06 08:00:00,20140206080000
839,2014-02-06 09:00:00,0,2014-02-06 09:00:00,20140206090000
840,2014-02-06 10:00:00,0,2014-02-06 10:00:00,20140206100000
841,2014-02-06 11:00:00,0,2014-02-06 11:00:00,20140206110000
842,2014-02-06 12:00:00,2,2014-02-06 12:00:00,20140206120000
843,2014-02-06 13:00:00,3,2014-02-06 13:00:00,20140206130000
844,2014-02-06 14:00:00,9,2014-02-06 14:00:00,20140206140000
845,2014-02-06 15:00:00,0,2014-02-06 15:00:00,20140206150000
846,2014-02-06 16:00:00,7,2014-02-06 16:00:00,20140206160000
847,2014-02-06 17:00:00,0,2014-02-06 17:00:00,20140206170000
848,2014-02-06 18:00:00,0,2014-02-06 18:00:00,20140206180000
849,2014-02-06 19:00:00,0,2014-02-06 19:00:00,20140206190000
850,2014-02-06 20:00:00,0,2014-02-06 20:00:00,20140206200000
851,2014-02-06 21:00:00,0,2014-02-06 21:00:00,20140206210000
852,2014-02-06 22:00:00,0,2014-02-06 22:00:00,20140206220000
853,2014-02-06 23:00:00,0,2014-02-06 23:00:00,20140206230000
854,2014-02-07 00:00:00,0,2014-02-07 00:00:00,20140207000000
855,2014-02-07 01:00:00,0,2014-02-07 01:00:00,20140207010000
856,2014-02-07 02:00:00,0,2014-02-07 02:00:00,20140207020000
857,2014-02-07 03:00:00,0,2014-02-07 03:00:00,20140207030000
858,2014-02-07 04:00:00,0,2014-02-07 04:00:00,20140207040000
859,2014-02-07 05:00:00,0,2014-02-07 05:00:00,20140207050000
860,2014-02-07 06:00:00,0,2014-02-07 06:00:00,20140207060000
861,2014-02-07 07:00:00,0,2014-02-07 07:00:00,20140207070000
862,2014-02-07 08:00:00,0,2014-02-07 08:00:00,20140207080000
863,2014-02-07 09:00:00,0,2014-02-07 09:00:00,20140207090000
864,2014-02-07 10:00:00,0,2014-02-07 10:00:00,20140207100000
865,2014-02-07 11:00:00,5,2014-02-07 11:00:00,20140207110000
866,2014-02-07 12:00:00,0,2014-02-07 12:00:00,20140207120000
867,2014-02-07 13:00:00,7,2014-02-07 13:00:00,20140207130000
868,2014-02-07 14:00:00,2,2014-02-07 14:00:00,20140207140000
869,2014-02-07 15:00:00,4,2014-02-07 15:00:00,20140207150000
870,2014-02-07 16:00:00,0,2014-02-07 16:00:00,20140207160000
871,2014-02-07 17:00:00,0,2014-02-07 17:00:00,20140207170000
872,2014-02-07 18:00:00,0,2014-02-07 18:00:00,20140207180000
873,2014-02-07 19:00:00,0,2014-02-07 19:00:00,20140207190000
874,2014-02-07 20:00:00,0,2014-02-07 20:00:00,20140207200000
875,2014-02-07 21:00:00,0,2014-02-07 21:00:00,20140207210000
876,2014-02-07 22:00:00,0,2014-02-07 22:00:00,20140207220000
877,2014-02-07 23:00:00,0,2014-02-07 23:00:00,20140207230000
878,2014-02-08 00:00:00,0,2014-02-08 00:00:00,20140208000000
879,2014-02-08 01:00:00,0,2014-02-08 01:00:00,20140208010000
880,2014-02-08 02:00:00,0,2014-02-08 02:00:00,20140208020000
881,2014-02-08 03:00:00,0,2014-02-08 03:00:00,20140208030000
882,2014-02-08 04:00:00,0,2014-02-08 04:00:00,20140208040000
883,2014-02-08 05:00:00,0,2014-02-08 05:00:00,20140208050000
884,2014-02-08 06:00:00,0,2014-02-08 06:00:00,20140208060000
885,2014-02-08 07:00:00,0,2014-02-08 07:00:00,20140208070000
886,2014-02-08 08:00:00,0,2014-02-08 08:00:00,20140208080000
887,2014-02-08 09:00:00,0,2014-02-08 09:00:00,20140208090000
888,2014-02-08 10:00:00,0,2014-02-08 10:00:00,20140208100000
889,2014-02-08 11:00:00,2,2014-02-08 11:00:00,20140208110000
890,2014-02-08 12:00:00,8,2014-02-08 12:00:00,20140208120000
891,2014-02-08 13:00:00,11,2014-02-08 13:00:00,20140208130000
892,2014-02-08 14:00:00,2,2014-02-08 14:00:00,20140208140000
893,2014-02-08 15:00:00,9,2014-02-08 15:00:00,20140208150000
894,2014-02-08 16:00:00,5,2014-02-08 16:00:00,20140208160000
895,2014-02-08 17:00:00,4,2014-02-08 17:00:00,20140208170000
896,2014-02-08 18:00:00,0,2014-02-08 18:00:00,20140208180000
897,2014-02-08 19:00:00,0,2014-02-08 19:00:00,20140208190000
898,2014-02-08 20:00:00,0,2014-02-08 20:00:00,20140208200000
899,2014-02-08 21:00:00,0,2014-02-08 21:00:00,20140208210000
900,2014-02-08 22:00:00,0,2014-02-08 22:00:00,20140208220000
901,2014-02-08 23:00:00,0,2014-02-08 23:00:00,20140208230000
902,2014-02-09 00:00:00,0,2014-02-09 00:00:00,20140209000000
903,2014-02-09 01:00:00,0,2014-02-09 01:00:00,20140209010000
904,2014-02-09 02:00:00,0,2014-02-09 02:00:00,20140209020000
905,2014-02-09 03:00:00,0,2014-02-09 03:00:00,20140209030000
906,2014-02-09 04:00:00,0,2014-02-09 04:00:00,20140209040000
907,2014-02-09 05:00:00,0,2014-02-09 05:00:00,20140209050000
908,2014-02-09 06:00:00,0,2014-02-09 06:00:00,20140209060000
909,2014-02-09 07:00:00,0,2014-02-09 07:00:00,20140209070000
910,2014-02-09 08:00:00,0,2014-02-09 08:00:00,20140209080000
911,2014-02-09 09:00:00,2,2014-02-09 09:00:00,20140209090000
912,2014-02-09 10:00:00,0,2014-02-09 10:00:00,20140209100000
913,2014-02-09 11:00:00,6,2014-02-09 11:00:00,20140209110000
914,2014-02-09 12:00:00,8,2014-02-09 12:00:00,20140209120000
915,2014-02-09 13:00:00,3,2014-02-09 13:00:00,20140209130000
916,2014-02-09 14:00:00,0,2014-02-09 14:00:00,20140209140000
917,2014-02-09 15:00:00,9,2014-02-09 15:00:00,20140209150000
918,2014-02-09 16:00:00,0,2014-02-09 16:00:00,20140209160000
919,2014-02-09 17:00:00,6,2014-02-09 17:00:00,20140209170000
920,2014-02-09 18:00:00,0,2014-02-09 18:00:00,20140209180000
921,2014-02-09 19:00:00,0,2014-02-09 19:00:00,20140209190000
922,2014-02-09 20:00:00,0,2014-02-09 20:00:00,20140209200000
923,2014-02-09 21:00:00,0,2014-02-09 21:00:00,20140209210000
924,2014-02-09 22:00:00,0,2014-02-09 22:00:00,20140209220000
925,2014-02-09 23:00:00,0,2014-02-09 23:00:00,20140209230000
926,2014-02-10 00:00:00,0,2014-02-10 00:00:00,20140210000000
927,2014-02-10 01:00:00,0,2014-02-10 01:00:00,20140210010000
928,2014-02-10 02:00:00,0,2014-02-10 02:00:00,20140210020000
929,2014-02-10 03:00:00,0,2014-02-10 03:00:00,20140210030000
930,2014-02-10 04:00:00,0,2014-02-10 04:00:00,20140210040000
931,2014-02-10 05:00:00,0,2014-02-10 05:00:00,20140210050000
932,2014-02-10 06:00:00,0,2014-02-10 06:00:00,20140210060000
933,2014-02-10 07:00:00,0,2014-02-10 07:00:00,20140210070000
934,2014-02-10 08:00:00,0,2014-02-10 08:00:00,20140210080000
935,2014-02-10 09:00:00,0,2014-02-10 09:00:00,20140210090000
936,2014-02-10 10:00:00,0,2014-02-10 10:00:00,20140210100000
937,2014-02-10 11:00:00,0,2014-02-10 11:00:00,20140210110000
938,2014-02-10 12:00:00,0,2014-02-10 12:00:00,20140210120000
939,2014-02-10 13:00:00,4,2014-02-10 13:00:00,20140210130000
940,2014-02-10 14:00:00,4,2014-02-10 14:00:00,20140210140000
941,2014-02-10 15:00:00,6,2014-02-10 15:00:00,20140210150000
942,2014-02-10 16:00:00,2,2014-02-10 16:00:00,20140210160000
943,2014-02-10 17:00:00,5,2014-02-10 17:00:00,20140210170000
944,2014-02-10 18:00:00,0,2014-02-10 18:00:00,20140210180000
945,2014-02-10 19:00:00,0,2014-02-10 19:00:00,20140210190000
946,2014-02-10 20:00:00,0,2014-02-10 20:00:00,20140210200000
947,2014-02-10 21:00:00,0,2014-02-10 21:00:00,20140210210000
948,2014-02-10 22:00:00,0,2014-02-10 22:00:00,20140210220000
949,2014-02-10 23:00:00,0,2014-02-10 23:00:00,20140210230000
950,2014-02-11 00:00:00,0,2014-02-11 00:00:00,20140211000000
951,2014-02-11 01:00:00,0,2014-02-11 01:00:00,20140211010000
952,2014-02-11 02:00:00,0,2014-02-11 02:00:00,20140211020000
953,2014-02-11 03:00:00,0,2014-02-11 03:00:00,20140211030000
954,2014-02-11 04:00:00,0,2014-02-11 04:00:00,20140211040000
955,2014-02-11 05:00:00,0,2014-02-11 05:00:00,20140211050000
956,2014-02-11 06:00:00,0,2014-02-11 06:00:00,20140211060000
957,2014-02-11 07:00:00,0,2014-02-11 07:00:00,20140211070000
958,2014-02-11 08:00:00,0,2014-02-11 08:00:00,20140211080000
959,2014-02-11 09:00:00,0,2014-02-11 09:00:00,20140211090000
960,2014-02-11 10:00:00,0,2014-02-11 10:00:00,20140211100000
961,2014-02-11 11:00:00,7,2014-02-11 11:00:00,20140211110000
962,2014-02-11 12:00:00,2,2014-02-11 12:00:00,20140211120000
963,2014-02-11 13:00:00,4,2014-02-11 13:00:00,20140211130000
964,2014-02-11 14:00:00,2,2014-02-11 14:00:00,20140211140000
965,2014-02-11 15:00:00,7,2014-02-11 15:00:00,20140211150000
966,2014-02-11 16:00:00,4,2014-02-11 16:00:00,20140211160000
967,2014-02-11 17:00:00,6,2014-02-11 17:00:00,20140211170000
968,2014-02-11 18:00:00,0,2014-02-11 18:00:00,20140211180000
969,2014-02-11 19:00:00,0,2014-02-11 19:00:00,20140211190000
970,2014-02-11 20:00:00,0,2014-02-11 20:00:00,20140211200000
971,2014-02-11 21:00:00,0,2014-02-11 21:00:00,20140211210000
972,2014-02-11 22:00:00,0,2014-02-11 22:00:00,20140211220000
973,2014-02-11 23:00:00,0,2014-02-11 23:00:00,20140211230000
974,2014-02-12 00:00:00,0,2014-02-12 00:00:00,20140212000000
975,2014-02-12 01:00:00,0,2014-02-12 01:00:00,20140212010000
976,2014-02-12 02:00:00,0,2014-02-12 02:00:00,20140212020000
977,2014-02-12 03:00:00,0,2014-02-12 03:00:00,20140212030000
978,2014-02-12 04:00:00,0,2014-02-12 04:00:00,20140212040000
979,2014-02-12 05:00:00,0,2014-02-12 05:00:00,20140212050000
980,2014-02-12 06:00:00,0,2014-02-12 06:00:00,20140212060000
981,2014-02-12 07:00:00,0,2014-02-12 07:00:00,20140212070000
982,2014-02-12 08:00:00,0,2014-02-12 08:00:00,20140212080000
983,2014-02-12 09:00:00,0,2014-02-12 09:00:00,20140212090000
984,2014-02-12 10:00:00,0,2014-02-12 10:00:00,20140212100000
985,2014-02-12 11:00:00,0,2014-02-12 11:00:00,20140212110000
986,2014-02-12 12:00:00,2,2014-02-12 12:00:00,20140212120000
987,2014-02-12 13:00:00,6,2014-02-12 13:00:00,20140212130000
988,2014-02-12 14:00:00,1,2014-02-12 14:00:00,20140212140000
989,2014-02-12 15:00:00,7,2014-02-12 15:00:00,20140212150000
990,2014-02-12 16:00:00,4,2014-02-12 16:00:00,20140212160000
991,2014-02-12 17:00:00,1,2014-02-12 17:00:00,20140212170000
992,2014-02-12 18:00:00,0,2014-02-12 18:00:00,20140212180000
993,2014-02-12 19:00:00,0,2014-02-12 19:00:00,20140212190000
994,2014-02-12 20:00:00,0,2014-02-12 20:00:00,20140212200000
995,2014-02-12 21:00:00,0,2014-02-12 21:00:00,20140212210000
996,2014-02-12 22:00:00,0,2014-02-12 22:00:00,20140212220000
997,2014-02-12 23:00:00,0,2014-02-12 23:00:00,20140212230000
998,2014-02-13 00:00:00,0,2014-02-13 00:00:00,20140213000000
999,2014-02-13 01:00:00,0,2014-02-13 01:00:00,20140213010000
